{
    "bounds": [
        [48.513051, -122.602658],
        [48.512226, -122.598624],
        [48.518878, -122.599740],
        [48.518424, -122.611113],
        [48.515098, -122.611070],
        [48.516036, -122.606177],
        [48.513051, -122.602658]

    ],
    "location": [48.517173, -122.608452, 0]
}