{
    "bounds": [
        [48.517478, -122.609675],
        [48.515851, -122.609739],
        [48.515887, -122.608055],
        [48.517521, -122.608001],
        [48.517478, -122.609675]

    ],
    "location": [48.516718,-122.609181, 0]
}
