{
	"bounds": [
		[47.6103005152, -122.207524542],
		[47.6174462856, -122.207524542],
		[47.6174462856, -122.201369043],
		[47.6103005152, -122.201369043],
		[47.6103005152, -122.207524542]
	],
	"location": [47.612926, -122.2022, 0]
}
