{
    "bounds": [
        [47.6153163985, -122.3200285435],
        [47.6187154979, -122.3200285435],
        [47.6187154979, -122.3182797432],
        [47.6153163985, -122.3182797432],
        [47.6153163985, -122.3200285435]
    ],
    "location": [47.6153163985, -122.3182797432, 0]
}
