{
	"bounds": [
		[47.3972017415,-122.3306131803],
		[47.4038247042,-122.3306131803],
		[47.4038247042,-122.3279152197],
		[47.3972017415,-122.3279152197],
		[47.3972017415,-122.3306131803]
	],
	"location": [47.3972017415,-122.3279152197, 0]
}
