{
	"bounds": [
		[47.654247619, -122.435803413],
		[47.668653150, -122.435803413],
		[47.6686531501, -122.409453392],
		[47.6542476197, -122.409453392],
		[47.654247619, -122.435803413]
	],
	"location": [47.662073, -122.434864, 0]
}
