{
    "bounds": [
        [47.5958324038, -122.3398017883],
        [47.6266157424, -122.3398017883],
        [47.6266157424, -122.3168849945],
        [47.5958324038, -122.3168849945],
        [47.5958324038, -122.3398017883]
    ],
    "location": [47.610583, -122.335150, 0]
}





