{
    "bounds": [
        [47.6320096398, -122.3481702805],
        [47.6433162184, -122.3481702805],
        [47.6433162184, -122.3391580582],
        [47.6320096398, -122.3391580582],
        [47.6320096398, -122.3481702805]
    ],
    "location": [47.6381705804, -122.3419475555, 0]
}
