{
    "bounds": [
        [47.6533736911, -122.3244702816],
        [47.6542120275, -122.3244702816],
        [47.6542120275, -122.3219704628],
        [47.6533736911, -122.3219704628],
        [47.6533736911, -122.3244702816]
    ],
    "location": [47.6542120275, -122.3219704628, 0]
}
