{
	"bounds": [
		[47.6533411692, -122.3247478048],
		[47.6540060582, -122.3247478048],
		[47.6540060582, -122.3234349489],
		[47.6533411692, -122.3234349489],
    [47.6533411692, -122.3247478048]
	],
	"location": [47.653710, -122.323560, 0]
}
