{
    "bounds": [
        [47.6442818197, -122.3381710052],
        [47.6469797803, -122.3381710052],
        [47.6469797803, -122.3326778412],
        [47.6442818197, -122.3326778412],
        [47.6442818197, -122.3381710052]
    ],
    "location": [47.645980, -122.335077, 0]
}

