{
	"bounds": [
		[47.6865969182, -122.4043591676],
		[47.6979814308, -122.4043591676],
		[47.6979814308, -122.3997545242],
		[47.6865969182, -122.3997545242],
		[47.6865969182, -122.4043591676]
	],
	"location": [47.6979814308, -122.399754524, 0]
}
