{
    "bounds": [
        [47.6648671225, -122.3552513123],
        [47.6878680621, -122.3552513123],
        [47.6878680621, -122.3236656189],
        [47.6648671225, -122.3236656189],
        [47.6648671225, -122.3552513123]
    ],
    "location": [47.682105, -122.341846, 0]
}






 
