{
    "bounds": [
        [47.5257936571, -122.401471138],
        [47.5371231986, -122.401471138],
        [47.5371231986, -122.3924589157],
        [47.5257936571, -122.3924589157],
        [47.5257936571, -122.401471138]
    ],
    "location": [47.530384, -122.396084, 0]
}