{
	"bounds": [
		[47.6198874197, -122.3531591892],
		[47.6235787187, -122.3531591892],
		[47.6235787187, -122.3486619197],
		[47.6198874197, -122.3486619197],
		[47.6198874197, -122.3531591892]
	],
	"location": [47.6198874197, -122.3531591892, 0]
}
