{
  "bounds": [
    [37.771393, -122.511026],
    [37.764274, -122.510192],
    [37.766186, -122.452905],
    [37.774755, -122.454823],
    [37.771393, -122.511026]
  ],
  "location": [37.769704, -122.471281, 0]
}
