{
	"bounds": [
		[40.65300969, -74.0113062938],
		[40.65826769, -74.0113062938],
		[40.65826769, -74.0034878254],
		[40.65300969, -74.0034878254],
		[40.65300969, -74.0113062938]
	],
	"location": [40.65300969, -74.0034878254, 0]
}
