{
    "bounds": [
        [40.6525131705, -74.0242481232],
        [40.6618894399, -74.0242481232],
        [40.6618894399, -74.0048503876],
        [40.6525131705, -74.0048503876],
        [40.6525131705, -74.0242481232]
    ],
    "location": [40.6577223718, -74.0109443665, 0]
}
