{
  "bounds": [
    [43.092121, -79.070830],
    [43.082396, -79.051775],
    [43.079655, -79.050440],
    [43.076708, -79.066213],
    [43.079690, -79.082187],
    [43.089418, -79.077492],
    [43.092121, -79.070830]
  ],
  "location": [43.086798, -79.066643, 0]
}
